,0
m2858,
m260,
m1196,
m1210,
m480,
m2028,
m589,
m2571,
m1270,
m593,
m1580,
m1198,
m608,
m2762,
m110,
m2396,
m1197,
m527,
m1617,
m1265,
m1097,
m2628,
m2997,
m318,
m858,
m356,
m2716,
m296,
m1240,
m1,
m1214,
m2916,
m457,
m3578,
m1200,
m541,
m2987,
m1259,
m50,
m34,
m2791,
m780,
m3175,
m1193,
m919,
m924,
m1127,
m2355,
m1387,
m1221,
m912,
m1036,
m1213,
m1610,
m377,
m1291,
m2000,
m1136,
m3114,
m1307,
m1704,
m1721,
m1968,
m648,
m2599,
m3793,
m32,
m2174,
m2797,
m2918,
m2291,
m590,
m3471,
m2959,
m1374,
m2683,
m1394,
m592,
m1784,
m1573,
m1304,
m3418,
m223,
m380,
m2706,
m1225,
m1584,
m1527,
m3481,
m1923,
m750,
m2699,
m39,
m21,
m1393,
m2804,
m588,
m2406,
m1220,
m733,
